driverAgeCategory,regfee,annualDepreciation,insuranceCostDiscounted,maintenanceTireCost,fuelCost
14–19,82.53105405254676,788.0556713329331,1315.0397995387268,880.4284961318666,1259.1200653596889
20–29,92.23332233883458,1060.5930020244193,999.0311982222356,1025.8845190528693,1401.6496598188596
30–39,100.70726877382447,1381.8362132400614,864.3571390291684,1063.8912737282797,1540.1800893853708
40–49,101.62296309481106,1422.8640226219256,828.8457210048495,1058.3081378557938,1579.9934742370017
50–59,98.84599647546057,1279.0935107630933,733.8423452235834,949.7716790218337,1412.7827957238474
60–69,95.47942355424058,1229.999122253719,758.0920539037282,820.4366183108428,1203.9180080158028
70–79,96.3141614428867,1224.6729425776618,922.7381681491496,697.1445844661353,1022.4553688238425
80+,87.68663229011494,1043.1163527060348,1101.6875162690876,609.0635528122986,884.7448796488832
